id,pitcher,team1,team2,team3,team4
aaron_bummer_pos_28,0,CHW,,,
aaron_hicks_pos_32,0,NYY,,,
aaron_judge_pos_30,0,NYY,,,
aaron_whitefield_pos_25,0,LAA,,,
abraham_almonte_pos_33,0,BOS,,,
abraham_toro_pos_25,0,SEA,,,
adalberto_mondesi_pos_26,0,KCR,,,
adam_duvall_pos_33,0,ATL,,,
adam_engel_pos_30,0,CHW,,,
adam_frazier_pos_30,0,SEA,,,
adam_haseley_pos_26,0,CHW,,,
adley_rutschman_pos_24,0,BAL,,,
adolis_garcia_pos_29,0,TEX,,,
adonis_medina_pos_25,0,NYM,,,
aj_pollock_pos_34,0,CHW,,,
akil_baddoo_pos_23,0,DET,,,
alan_trejo_pos_26,0,COL,,,
albert_abreu_pos_26,0,KCR,,,
albert_almora_pos_28,0,CIN,,,
albert_pujols_pos_42,0,STL,,,
alcides_escobar_pos_35,0,WSN,,,
alec_bohm_pos_25,0,PHI,,,
alec_burleson_pos_23,0,STL,,,
alec_mills_pos_30,0,CHC,,,
aledmys_diaz_pos_31,0,HOU,,,
alejandro_kirk_pos_23,0,TOR,,,
alejo_lopez_pos_26,0,CIN,,,
alek_thomas_pos_22,0,ARI,,,
alex_bregman_pos_28,0,HOU,,,
alex_call_pos_27,0,CLE,WSN,,
alex_colome_pos_33,0,COL,,,
alex_dickerson_pos_32,0,ATL,,,
alex_jackson_pos_26,0,MIL,,,
alex_kirilloff_pos_24,0,MIN,,,
alex_verdugo_pos_26,0,BOS,,,
alfonso_rivas_pos_25,0,CHC,,,
amed_rosario_pos_26,0,CLE,,,
anderson_severino_pos_27,0,CHW,,,
andrelton_simmons_pos_32,0,CHC,,,
andres_gimenez_pos_23,0,CLE,,,
andrew_bellatti_pos_30,0,PHI,,,
andrew_benintendi_pos_27,0,KCR,NYY,,
andrew_knapp_pos_30,0,PIT,SEA,SFG,
andrew_knizner_pos_27,0,STL,,,
andrew_mccutchen_pos_35,0,MIL,,,
andrew_nardi_pos_23,0,MIA,,,
andrew_vaughn_pos_24,0,CHW,,,
andrew_velazquez_pos_27,0,LAA,,,
andy_ibanez_pos_29,0,TEX,,,
anthony_alford_pos_27,0,PIT,,,
anthony_bass_pos_34,0,MIA,,,
anthony_bemboom_pos_32,0,BAL,,,
anthony_rendon_pos_32,0,LAA,,,
anthony_rizzo_pos_32,0,NYY,,,
anthony_santander_pos_27,0,BAL,,,
aramis_garcia_pos_29,0,CIN,,,
aristides_aquino_pos_28,0,CIN,,,
austin_allen_pos_28,0,OAK,,,
austin_barnes_pos_32,0,LAD,,,
austin_dean_pos_28,0,SFG,,,
austin_hays_pos_26,0,BAL,,,
austin_hedges_pos_29,0,CLE,,,
austin_meadows_pos_27,0,DET,,,
austin_nola_pos_32,0,SDP,,,
austin_riley_pos_25,0,ATL,,,
austin_romine_pos_33,0,LAA,STL,CIN,
austin_slater_pos_29,0,SFG,,,
austin_wynns_pos_31,0,SFG,,,
avisail_garcia_pos_31,0,MIA,,,
ben_deluzio_pos_27,0,STL,,,
ben_gamel_pos_30,0,PIT,,,
billy_hamilton_pos_31,0,MIA,MIN,,
billy_mckinney_pos_27,0,OAK,,,
bligh_madris_pos_26,0,PIT,,,
bo_bichette_pos_24,0,TOR,,,
bo_naylor_pos_22,0,CLE,,,
bobby_bradley_pos_26,0,CLE,,,
bobby_dalbec_pos_27,0,BOS,,,
bobby_witt_pos_22,0,KCR,,,
brad_miller_pos_32,0,TEX,,,
bradley_zimmer_pos_29,0,TOR,PHI,TOR,
brandon_belt_pos_34,0,SFG,,,
brandon_crawford_pos_35,0,SFG,,,
brandon_dixon_pos_30,0,SDP,,,
brandon_drury_pos_29,0,CIN,SDP,,
brandon_hughes_pos_26,0,CHC,,,
brandon_lowe_pos_27,0,TBR,,,
brandon_marsh_pos_24,0,LAA,PHI,,
brandon_nimmo_pos_29,0,NYM,,,
brendan_donovan_pos_25,0,STL,,,
brendan_rodgers_pos_25,0,COL,,,
brendon_davis_pos_24,0,DET,,,
brent_rooker_pos_27,0,SDP,KCR,,
brett_baty_pos_22,0,NYM,,,
brett_martin_pos_27,0,TEX,,,
brett_phillips_pos_28,0,TBR,BAL,,
brewer_hicklen_pos_26,0,KCR,,,
brian_anderson_pos_29,0,MIA,,,
brian_okeefe_pos_28,0,SEA,,,
brian_serven_pos_27,0,COL,,,
bryan_de_la_cruz_pos_25,0,MIA,,,
bryan_lavastida_pos_23,0,CLE,,,
bryan_reynolds_pos_27,0,PIT,,,
bryan_shaw_pos_34,0,CLE,,,
bryce_harper_pos_29,0,PHI,,,
bryce_johnson_pos_26,0,SFG,,,
bryson_stott_pos_24,0,PHI,,,
bubba_thompson_pos_24,0,TEX,,,
buddy_kennedy_pos_23,0,ARI,,,
byron_buxton_pos_28,0,MIN,,,
cal_raleigh_pos_25,0,SEA,,,
cal_stevenson_pos_25,0,OAK,,,
caleb_hamilton_pos_27,0,MIN,,,
caleb_thielbar_pos_35,0,MIN,,,
calvin_mitchell_pos_23,0,PIT,,,
cam_gallagher_pos_29,0,KCR,,,
canaan_smithnjigba_pos_23,0,PIT,,,
carlos_correa_pos_27,0,MIN,,,
carlos_estevez_pos_29,0,COL,,,
carlos_hernandez_pos_25,0,KCR,,,
carlos_perez_pos_25,0,CHW,,,
carlos_santana_pos_36,0,KCR,SEA,,
carson_kelly_pos_27,0,ARI,,,
cavan_biggio_pos_27,0,TOR,,,
cedric_mullins_pos_27,0,BAL,,,
cesar_hernandez_pos_32,0,WSN,,,
chad_pinder_pos_30,0,OAK,,,
chad_wallach_pos_30,0,LAA,,,
chadwick_tromp_pos_27,0,ATL,,,
charles_leblanc_pos_26,0,MIA,,,
charlie_blackmon_pos_35,0,COL,,,
charlie_culberson_pos_33,0,TEX,,,
chas_mccormick_pos_27,0,HOU,,,
chasen_shreve_pos_31,0,NYM,,,
chris_martin_pos_36,0,LAD,,,
chris_okey_pos_27,0,CIN,,,
chris_owings_pos_30,0,BAL,,,
chris_taylor_pos_31,0,LAD,,,
christian_arroyo_pos_27,0,BOS,,,
christian_bethancourt_pos_30,0,OAK,TBR,,
christian_lopes_pos_29,0,OAK,,,
christian_vazquez_pos_31,0,BOS,HOU,,
christian_walker_pos_31,0,ARI,,,
christian_yelich_pos_30,0,MIL,,,
christopher_morel_pos_23,0,CHC,,,
chuckie_robinson_pos_27,0,CIN,,,
cionel_perez_pos_26,0,BAL,,,
cj_abrams_pos_21,0,SDP,WSN,,
cj_cron_pos_32,0,COL,,,
clarke_schmidt_pos_26,0,NYY,,,
clint_frazier_pos_27,0,CHC,,,
cody_bellinger_pos_26,0,LAD,,,
cody_thomas_pos_27,0,OAK,,,
cole_sulser_pos_32,0,MIA,,,
cole_tucker_pos_25,0,PIT,,,
colin_moran_pos_29,0,CIN,,,
collin_snider_pos_26,0,KCR,,,
conner_capel_pos_25,0,STL,OAK,,
connor_joe_pos_29,0,COL,,,
connor_wong_pos_26,0,BOS,,,
cooper_hummel_pos_27,0,ARI,,,
corbin_carroll_pos_21,0,ARI,,,
corey_dickerson_pos_33,0,STL,,,
corey_seager_pos_28,0,TEX,,,
cory_spangenberg_pos_31,0,STL,,,
craig_kimbrel_pos_34,0,LAD,,,
cristian_pache_pos_23,0,OAK,,,
curt_casali_pos_33,0,SFG,SEA,,
dairon_blanco_pos_29,0,KCR,,,
dalton_guthrie_pos_26,0,PHI,,,
daniel_bard_pos_37,0,COL,,,
daniel_lynch_pos_25,0,KCR,,,
daniel_norris_pos_29,0,CHC,,,
daniel_vogelbach_pos_29,0,PIT,NYM,,
danny_jansen_pos_27,0,TOR,,,
danny_mendick_pos_28,0,CHW,,,
dansby_swanson_pos_28,0,ATL,,,
darick_hall_pos_26,0,PHI,,,
darin_ruf_pos_35,0,SFG,NYM,,
daulton_varsho_pos_25,0,ARI,,,
dauri_moreta_pos_26,0,CIN,,,
david_bednar_pos_27,0,PIT,,,
david_bote_pos_29,0,CHC,,,
david_fletcher_pos_28,0,LAA,,,
david_hensley_pos_26,0,HOU,,,
david_mackinnon_pos_27,0,LAA,OAK,,
david_peralta_pos_34,0,ARI,TBR,,
david_price_pos_36,0,LAD,,,
david_robertson_pos_37,0,CHC,,,
david_villar_pos_25,0,SFG,,,
daz_cameron_pos_25,0,DET,,,
dee_strangegordon_pos_34,0,WSN,,,
derek_hill_pos_26,0,DET,,,
dermis_garcia_pos_24,0,OAK,,,
deven_marrero_pos_31,0,NYM,,,
didi_gregorius_pos_32,0,PHI,,,
diego_castillo_pos_28,0,SEA,PIT,,
dillon_tate_pos_28,0,BAL,,,
dillon_thomas_pos_29,0,LAA,,,
dixon_machado_pos_30,0,SFG,,,
dj_lemahieu_pos_33,0,NYY,,,
dj_stewart_pos_28,0,BAL,,,
dom_nunez_pos_27,0,COL,,,
dominic_smith_pos_27,0,NYM,,,
donny_sands_pos_26,0,PHI,,,
donovan_solano_pos_34,0,CIN,,,
donovan_walton_pos_28,0,SEA,SFG,,
drew_ellis_pos_26,0,ARI,SEA,,
drew_jackson_pos_28,0,OAK,,,
drew_steckenrider_pos_31,0,SEA,,,
drew_waters_pos_23,0,KCR,,,
dustin_garneau_pos_34,0,DET,,,
dylan_carlson_pos_23,0,STL,,,
dylan_coleman_pos_25,0,KCR,,,
dylan_floro_pos_31,0,MIA,,,
dylan_moore_pos_29,0,SEA,,,
eddie_rosario_pos_30,0,ATL,,,
eddy_alvarez_pos_32,0,LAD,,,
edmundo_sosa_pos_26,0,STL,PHI,,
eduardo_escobar_pos_33,0,NYM,,,
edward_olivares_pos_26,0,KCR,,,
edwin_diaz_pos_28,0,NYM,,,
edwin_rios_pos_28,0,LAD,,,
eguy_rosario_pos_22,0,SDP,,,
ehire_adrianza_pos_32,0,WSN,ATL,,
elehuris_montero_pos_23,0,COL,,,
eli_white_pos_28,0,TEX,,,
elias_diaz_pos_31,0,COL,,,
elier_hernandez_pos_27,0,TEX,,,
eloy_jimenez_pos_25,0,CHW,,,
elvis_andrus_pos_33,0,OAK,CHW,,
emmanuel_rivera_pos_26,0,KCR,ARI,,
ender_inciarte_pos_31,0,NYM,,,
enrique_hernandez_pos_30,0,BOS,,,
enyel_de_los_santos_pos_26,0,CLE,,,
eric_haase_pos_29,0,DET,,,
eric_hosmer_pos_32,0,SDP,BOS,,
erik_gonzalez_pos_30,0,MIA,,,
ernie_clement_pos_26,0,CLE,OAK,,
esteban_quiroz_pos_30,0,CHC,,,
esteury_ruiz_pos_23,0,SDP,MIL,,
estevan_florial_pos_24,0,NYY,,,
eugenio_suarez_pos_30,0,SEA,,,
evan_longoria_pos_36,0,SFG,,,
evan_phillips_pos_27,0,LAD,,,
ezequiel_duran_pos_23,0,TEX,,,
ezequiel_tovar_pos_20,0,COL,,,
felix_bautista_pos_27,0,BAL,,,
ford_proctor_pos_25,0,SFG,,,
franchy_cordero_pos_27,0,BOS,,,
francisco_alvarez_pos_20,0,NYM,,,
francisco_lindor_pos_28,0,NYM,,,
francisco_mejia_pos_26,0,TBR,,,
frank_schwindel_pos_30,0,CHC,,,
franmil_reyes_pos_26,0,CLE,CHC,,
freddie_freeman_pos_32,0,LAD,,,
freddy_fermin_pos_27,0,KCR,,,
gabriel_arias_pos_22,0,CLE,,,
gabriel_moreno_pos_22,0,TOR,,,
garrett_cooper_pos_31,0,MIA,,,
garrett_hampson_pos_27,0,COL,,,
garrett_mitchell_pos_23,0,MIL,,,
garrett_stubbs_pos_29,0,PHI,,,
gary_sanchez_pos_29,0,MIN,,,
gavin_lux_pos_24,0,LAD,,,
gavin_sheets_pos_26,0,CHW,,,
george_springer_pos_32,0,TOR,,,
geraldo_perdomo_pos_22,0,ARI,,,
giancarlo_stanton_pos_32,0,NYY,,,
gilberto_celestino_pos_23,0,MIN,,,
gio_urshela_pos_30,0,MIN,,,
gleyber_torres_pos_25,0,NYY,,,
gosuke_katoh_pos_27,0,TOR,,,
grayson_greiner_pos_29,0,ARI,,,
greg_allen_pos_29,0,PIT,,,
guillermo_heredia_pos_31,0,ATL,,,
gunnar_henderson_pos_21,0,BAL,,,
hanser_alberto_pos_29,0,LAD,,,
harold_castro_pos_28,0,DET,,,
harold_ramirez_pos_27,0,TBR,,,
harrison_bader_pos_28,0,STL,NYY,,
haseong_kim_pos_26,0,SDP,,,
heliot_ramos_pos_22,0,SFG,,,
hoy_park_pos_26,0,PIT,,,
hunter_dozier_pos_30,0,KCR,,,
hunter_renfroe_pos_30,0,MIL,,,
hunter_strickland_pos_33,0,CIN,,,
ian_happ_pos_27,0,CHC,,,
ian_kennedy_pos_37,0,ARI,,,
ildemaro_vargas_pos_30,0,CHC,WSN,,
isaac_paredes_pos_23,0,TBR,,,
isiah_kinerfalefa_pos_27,0,NYY,,,
israel_pineda_pos_22,0,WSN,,,
ivan_herrera_pos_22,0,STL,,,
jace_peterson_pos_32,0,MIL,,,
jack_larsen_pos_27,0,SEA,,,
jack_mayfield_pos_31,0,LAA,,,
jack_suwinski_pos_23,0,PIT,,,
jackie_bradley_jr_pos_32,0,BOS,TOR,,
jackson_stephens_pos_28,0,ATL,,,
jacob_stallings_pos_32,0,MIA,,,
jake_burger_pos_26,0,CHW,,,
jake_cave_pos_29,0,MIN,,,
jake_cronenworth_pos_28,0,SDP,,,
jake_fraley_pos_27,0,CIN,,,
jake_hager_pos_29,0,ARI,,,
jake_lamb_pos_31,0,LAD,SEA,,
jake_marisnick_pos_31,0,PIT,,,
jake_mccarthy_pos_24,0,ARI,,,
jake_meyers_pos_26,0,HOU,,,
jake_reed_pos_29,0,LAD,BAL,,
james_kaprielian_pos_28,0,OAK,,,
james_mccann_pos_32,0,NYM,,,
james_outman_pos_25,0,LAD,,,
jared_walsh_pos_28,0,LAA,,,
jared_young_pos_26,0,CHC,,,
jarred_kelenic_pos_22,0,SEA,,,
jarren_duran_pos_25,0,BOS,,,
jason_castro_pos_35,0,HOU,,,
jason_delay_pos_27,0,PIT,,,
jason_heyward_pos_32,0,CHC,,,
jason_krizan_pos_33,0,SFG,,,
jason_vosler_pos_28,0,SFG,,,
javier_baez_pos_29,0,DET,,,
jaylin_davis_pos_27,0,BOS,,,
jazz_chisholm_jr_pos_24,0,MIA,,,
jb_wendelken_pos_29,0,ARI,,,
jd_davis_pos_29,0,NYM,SFG,,
jd_martinez_pos_34,0,BOS,,,
jean_segura_pos_32,0,PHI,,,
jed_lowrie_pos_38,0,OAK,,,
jeff_hoffman_pos_29,0,CIN,,,
jeff_mcneil_pos_30,0,NYM,,,
jeimer_candelario_pos_28,0,DET,,,
jerar_encarnacion_pos_24,0,MIA,,,
jeremy_pena_pos_24,0,HOU,,,
jermaine_palacios_pos_25,0,MIN,,,
jesse_winker_pos_28,0,SEA,,,
jesus_aguilar_pos_32,0,MIA,BAL,,
jesus_sanchez_pos_24,0,MIA,,,
jeter_downs_pos_23,0,BOS,,,
jeurys_familia_pos_32,0,PHI,,,
jhoan_duran_pos_24,0,MIN,,,
ji_hwan_bae_pos_22,0,PIT,,,
ji_man_choi_pos_31,0,TBR,,,
jimmy_lambert_pos_27,0,CHW,,,
jj_bleday_pos_24,0,MIA,,,
jj_matijevic_pos_26,0,HOU,,,
jo_adell_pos_23,0,LAA,,,
joc_pederson_pos_30,0,SFG,,,
joe_barlow_pos_26,0,TEX,,,
joe_dunand_pos_26,0,MIA,,,
joe_mantiply_pos_31,0,ARI,,,
joe_perez_pos_22,0,HOU,,,
joel_kuhnel_pos_27,0,CIN,,,
joel_payamps_pos_28,0,KCR,OAK,,
joely_rodriguez_pos_30,0,NYM,,,
joey_bart_pos_25,0,SFG,,,
joey_gallo_pos_28,0,NYY,LAD,,
joey_krehbiel_pos_29,0,BAL,,,
joey_meneses_pos_30,0,WSN,,,
joey_votto_pos_38,0,CIN,,,
joey_wendle_pos_32,0,MIA,,,
johan_camargo_pos_28,0,PHI,,,
jojo_romero_pos_25,0,PHI,,,
jon_berti_pos_32,0,MIA,,,
jonah_bride_pos_26,0,OAK,,,
jonah_heim_pos_27,0,TEX,,,
jonathan_aranda_pos_24,0,TBR,,,
jonathan_arauz_pos_23,0,BOS,BAL,,
jonathan_davis_pos_30,0,MIL,,,
jonathan_india_pos_25,0,CIN,,,
jonathan_loaisiga_pos_27,0,NYY,,,
jonathan_schoop_pos_30,0,DET,,,
jonathan_villar_pos_31,0,CHC,LAA,,
jordan_diaz_pos_21,0,OAK,,,
jordan_groshans_pos_22,0,MIA,,,
jordan_luplow_pos_28,0,ARI,,,
jorge_alfaro_pos_29,0,SDP,,,
jorge_lopez_pos_29,0,BAL,MIN,,
jorge_mateo_pos_27,0,BAL,,,
jorge_polanco_pos_28,0,MIN,,,
jorge_soler_pos_30,0,MIA,,,
jose_abreu_pos_35,0,CHW,,,
jose_altuve_pos_32,0,HOU,,,
jose_alvarado_pos_27,0,PHI,,,
jose_azocar_pos_26,0,SDP,,,
jose_barrero_pos_24,0,CIN,,,
jose_godoy_pos_27,0,MIN,PIT,,
jose_herrera_pos_25,0,ARI,,,
jose_iglesias_pos_32,0,COL,,,
jose_miranda_pos_24,0,MIN,,,
jose_ramirez_pos_29,0,CLE,,,
jose_rojas_pos_29,0,LAA,,,
jose_siri_pos_26,0,HOU,TBR,,
jose_trevino_pos_29,0,NYY,,,
josh_bell_pos_29,0,WSN,SDP,,
josh_donaldson_pos_36,0,NYY,,,
josh_h_smith_pos_24,0,TEX,,,
josh_harrison_pos_34,0,CHW,,,
josh_jung_pos_24,0,TEX,,,
josh_lester_pos_27,0,DET,,,
josh_lowe_pos_24,0,TBR,,,
josh_naylor_pos_25,0,CLE,,,
josh_palacios_pos_26,0,WSN,,,
josh_rojas_pos_28,0,ARI,,,
josh_staumont_pos_28,0,KCR,,,
josh_vanmeter_pos_27,0,PIT,,,
jp_crawford_pos_27,0,SEA,,,
jt_realmuto_pos_31,0,PHI,,,
jt_riddle_pos_30,0,CIN,,,
juan_lagares_pos_33,0,LAA,,,
juan_soto_pos_23,0,WSN,SDP,,
juan_yepez_pos_24,0,STL,,,
julio_rodriguez_pos_21,0,SEA,,,
jurickson_profar_pos_29,0,SDP,,,
justin_bruihl_pos_25,0,LAD,,,
justin_grimm_pos_33,0,OAK,,,
justin_turner_pos_37,0,LAD,,,
justin_upton_pos_34,0,SEA,,,
kaai_tom_pos_28,0,SFG,,,
kebryan_hayes_pos_25,0,PIT,,,
keibert_ruiz_pos_23,0,WSN,,,
kelvin_gutierrez_pos_27,0,BAL,,,
kendall_graveman_pos_31,0,CHW,,,
kerry_carpenter_pos_24,0,DET,,,
keston_hiura_pos_25,0,MIL,,,
ketel_marte_pos_28,0,ARI,,,
kevin_ginkel_pos_28,0,ARI,,,
kevin_kiermaier_pos_32,0,TBR,,,
kevin_newman_pos_28,0,PIT,,,
kevin_padlo_pos_25,0,SFG,SEA,PIT,
kevin_pillar_pos_33,0,LAD,,,
kevin_plawecki_pos_31,0,BOS,TEX,,
kevin_smith_pos_25,0,OAK,,,
keynan_middleton_pos_28,0,ARI,,,
khalil_lee_pos_24,0,NYM,,,
kody_clemens_pos_26,0,DET,,,
kole_calhoun_pos_34,0,TEX,,,
kolten_wong_pos_31,0,MIL,,,
korey_lee_pos_23,0,HOU,,,
kramer_robertson_pos_27,0,STL,,,
kris_bryant_pos_30,0,COL,,,
kurt_suzuki_pos_38,0,LAA,,,
kyle_farmer_pos_31,0,CIN,,,
kyle_garlick_pos_30,0,MIN,,,
kyle_higashioka_pos_32,0,NYY,,,
kyle_isbel_pos_25,0,KCR,,,
kyle_lewis_pos_26,0,SEA,,,
kyle_nelson_pos_25,0,ARI,,,
kyle_schwarber_pos_29,0,PHI,,,
kyle_stowers_pos_24,0,BAL,,,
kyle_tucker_pos_25,0,HOU,,,
lamonte_wade_jr_pos_28,0,SFG,,,
lane_thomas_pos_26,0,WSN,,,
lars_nootbaar_pos_24,0,STL,,,
lenyn_sosa_pos_22,0,CHW,,,
leody_taveras_pos_23,0,TEX,,,
leury_garcia_pos_31,0,CHW,,,
lewin_diaz_pos_25,0,MIA,,,
lewis_brinson_pos_28,0,SFG,,,
liam_hendriks_pos_33,0,CHW,,,
liover_peguero_pos_21,0,PIT,,,
livan_soto_pos_22,0,LAA,,,
logan_ohoppe_pos_22,0,LAA,,,
lorenzo_cain_pos_36,0,MIL,,,
lourdes_gurriel_jr_pos_28,0,TOR,,,
lucas_gilbreath_pos_26,0,COL,,,
lucius_fox_pos_24,0,WSN,,,
luis_arraez_pos_25,0,MIN,,,
luis_barrera_pos_26,0,OAK,,,
luis_campusano_pos_23,0,SDP,,,
luis_garcia_pos_22,0,WSN,,,
luis_gonzalez_pos_26,0,SFG,,,
luis_guillorme_pos_27,0,NYM,,,
luis_liberato_pos_26,0,SDP,,,
luis_rengifo_pos_25,0,LAA,,,
luis_robert_jr_pos_24,0,CHW,,,
luis_torrens_pos_26,0,SEA,,,
luis_urias_pos_25,0,MIL,,,
luke_maile_pos_31,0,CLE,,,
luke_raley_pos_27,0,TBR,,,
luke_voit_pos_31,0,SDP,WSN,,
luke_weaver_pos_28,0,ARI,,,
luke_williams_pos_25,0,SFG,MIA,,
magneuris_sierra_pos_26,0,LAA,,,
maikel_franco_pos_29,0,WSN,,,
maikel_garcia_pos_22,0,KCR,,,
manny_machado_pos_29,0,SDP,,,
manny_pina_pos_35,0,ATL,,,
manuel_margot_pos_27,0,TBR,,,
marcell_ozuna_pos_31,0,ATL,,,
marcus_semien_pos_31,0,TEX,,,
marcus_wilson_pos_25,0,SEA,,,
mario_feliciano_pos_23,0,MIL,,,
mark_appel_pos_30,0,PHI,,,
mark_canha_pos_33,0,NYM,,,
mark_contreras_pos_27,0,MIN,,,
mark_kolozsvary_pos_26,0,CIN,,,
mark_mathias_pos_27,0,MIL,TEX,,
mark_melancon_pos_37,0,ARI,,,
mark_payton_pos_30,0,CHW,,,
mark_vientos_pos_22,0,NYM,,,
martin_maldonado_pos_35,0,HOU,,,
marwin_gonzalez_pos_33,0,NYY,,,
matt_beaty_pos_29,0,SDP,,,
matt_brash_pos_24,0,SEA,,,
matt_carpenter_pos_36,0,NYY,,,
matt_chapman_pos_29,0,TOR,,,
matt_davidson_pos_31,0,ARI,OAK,,
matt_duffy_pos_31,0,LAA,,,
matt_foster_pos_27,0,CHW,,,
matt_olson_pos_28,0,ATL,,,
matt_reynolds_pos_31,0,NYM,CIN,,
matt_thaiss_pos_27,0,LAA,,,
matt_vierling_pos_25,0,PHI,,,
matt_wallner_pos_24,0,MIN,,,
matthew_batten_pos_27,0,SDP,,,
matthew_liberatore_pos_22,0,STL,,,
mauricio_dubon_pos_27,0,SFG,HOU,,
max_kepler_pos_29,0,MIN,,,
max_muncy_pos_31,0,LAD,,,
max_schrock_pos_27,0,CIN,,,
max_stassi_pos_31,0,LAA,,,
meibrys_viloria_pos_25,0,TEX,,,
michael_a_taylor_pos_31,0,KCR,,,
michael_brantley_pos_35,0,HOU,,,
michael_chavis_pos_26,0,PIT,,,
michael_fulmer_pos_29,0,MIN,,,
michael_harris_ii_pos_21,0,ATL,,,
michael_hermosillo_pos_27,0,CHC,,,
michael_massey_pos_24,0,KCR,,,
michael_papierski_pos_26,0,SFG,CIN,,
michael_perez_pos_29,0,PIT,NYM,,
michael_siani_pos_22,0,CIN,,,
michael_stefanic_pos_26,0,LAA,,,
michael_toglia_pos_23,0,COL,,,
mickey_mcdonald_pos_27,0,OAK,,,
mickey_moniak_pos_24,0,PHI,LAA,,
miguel_andujar_pos_27,0,NYY,PIT,,
miguel_cabrera_pos_39,0,DET,,,
miguel_rojas_pos_33,0,MIA,,,
miguel_sano_pos_29,0,MIN,,,
miguel_vargas_pos_22,0,LAD,,,
mike_brosseau_pos_28,0,MIL,,,
mike_ford_pos_29,0,SFG,SEA,ATL,LAA
mike_moustakas_pos_33,0,CIN,,,
mike_trout_pos_30,0,LAA,,,
mike_yastrzemski_pos_31,0,SFG,,,
mike_zunino_pos_31,0,TBR,,,
miles_mastrobuoni_pos_26,0,TBR,,,
mitch_garver_pos_31,0,TEX,,,
mitch_haniger_pos_31,0,SEA,,,
mj_melendez_pos_23,0,KCR,,,
monte_harrison_pos_26,0,LAA,,,
mookie_betts_pos_29,0,LAD,,,
mychal_givens_pos_32,0,NYM,,,
myles_straw_pos_27,0,CLE,,,
narciso_crook_pos_26,0,CHC,,,
nate_eaton_pos_25,0,KCR,,,
nate_mondou_pos_27,0,OAK,,,
nathaniel_lowe_pos_26,0,TEX,,,
nelson_cruz_pos_41,0,WSN,,,
nelson_velazquez_pos_23,0,CHC,,,
nick_ahmed_pos_32,0,ARI,,,
nick_allen_pos_23,0,OAK,,,
nick_castellanos_pos_30,0,PHI,,,
nick_fortes_pos_25,0,MIA,,,
nick_gordon_pos_26,0,MIN,,,
nick_madrigal_pos_25,0,CHC,,,
nick_maton_pos_25,0,PHI,,,
nick_plummer_pos_25,0,NYM,,,
nick_pratto_pos_23,0,KCR,,,
nick_senzel_pos_27,0,CIN,,,
nick_solak_pos_27,0,TEX,,,
nicky_lopez_pos_27,0,KCR,,,
nico_hoerner_pos_25,0,CHC,,,
niko_goodrum_pos_30,0,HOU,,,
noe_ramirez_pos_32,0,ARI,,,
nolan_arenado_pos_31,0,STL,,,
nolan_gorman_pos_22,0,STL,,,
nolan_jones_pos_24,0,CLE,,,
nomar_mazara_pos_27,0,SDP,,,
odubel_herrera_pos_30,0,PHI,,,
omar_narvaez_pos_30,0,MIL,,,
oneil_cruz_pos_23,0,PIT,,,
orlando_arcia_pos_27,0,ATL,,,
oscar_gonzalez_pos_24,0,CLE,,,
oscar_mercado_pos_27,0,CLE,PHI,CLE,
oswald_peraza_pos_22,0,NYY,,,
oswaldo_cabrera_pos_23,0,NYY,,,
otto_lopez_pos_23,0,TOR,,,
owen_miller_pos_25,0,CLE,,,
ozzie_albies_pos_25,0,ATL,,,
pablo_reyes_pos_28,0,MIL,,,
patrick_mazeika_pos_28,0,NYM,,,
patrick_wisdom_pos_30,0,CHC,,,
paul_dejong_pos_28,0,STL,,,
paul_goldschmidt_pos_34,0,STL,,,
paul_sewald_pos_32,0,SEA,,,
pavin_smith_pos_26,0,ARI,,,
payton_henry_pos_25,0,MIA,,,
pedro_severino_pos_28,0,MIL,,,
penn_murfee_pos_28,0,SEA,,,
pete_alonso_pos_27,0,NYM,,,
peyton_burdick_pos_25,0,MIA,,,
phil_bickford_pos_26,0,LAD,,,
phil_gosselin_pos_33,0,ATL,LAA,,
pj_higgins_pos_29,0,CHC,,,
rafael_devers_pos_25,0,BOS,,,
rafael_ortega_pos_31,0,CHC,,,
raimel_tapia_pos_28,0,TOR,,,
ramon_laureano_pos_27,0,OAK,,,
ramon_urias_pos_28,0,BAL,,,
randal_grichuk_pos_30,0,COL,,,
randy_arozarena_pos_27,0,TBR,,,
reese_mcguire_pos_27,0,CHW,BOS,,
reiver_sanmartin_pos_26,0,CIN,,,
rene_pinto_pos_25,0,TBR,,,
reyes_moronta_pos_29,0,ARI,,,
reynaldo_lopez_pos_28,0,CHW,,,
rhys_hoskins_pos_29,0,PHI,,,
richard_bleier_pos_35,0,MIA,,,
richie_martin_pos_27,0,BAL,,,
richie_palacios_pos_25,0,CLE,,,
rico_garcia_pos_28,0,BAL,,,
riley_adams_pos_26,0,WSN,,,
riley_greene_pos_21,0,DET,,,
rob_brantly_pos_32,0,NYY,,,
rob_refsnyder_pos_31,0,BOS,,,
robbie_grossman_pos_32,0,DET,ATL,,
roberto_perez_pos_33,0,PIT,,,
robinson_cano_pos_39,0,NYM,SDP,ATL,
robinson_chirinos_pos_38,0,BAL,,,
rodolfo_castro_pos_23,0,PIT,,,
roman_quinn_pos_29,0,PHI,TBR,,
romy_gonzalez_pos_25,0,CHW,,,
ronald_acuna_jr_pos_24,0,ATL,,,
ronald_bolanos_pos_25,0,KCR,,,
ronald_guzman_pos_27,0,NYY,,,
ronnie_dawson_pos_27,0,CIN,,,
rougned_odor_pos_28,0,BAL,,,
rowdy_tellez_pos_27,0,MIL,,,
royce_lewis_pos_23,0,MIN,,,
ryan_aguilar_pos_27,0,LAA,,,
ryan_hendrix_pos_27,0,CIN,,,
ryan_jeffers_pos_25,0,MIN,,,
ryan_kreidler_pos_24,0,DET,,,
ryan_mckenna_pos_25,0,BAL,,,
ryan_mcmahon_pos_27,0,COL,,,
ryan_mountcastle_pos_25,0,BAL,,,
ryan_ohearn_pos_28,0,KCR,,,
rylan_bannon_pos_26,0,BAL,ATL,,
salvador_perez_pos_32,0,KCR,,,
sam_haggerty_pos_28,0,SEA,,,
sam_hilliard_pos_28,0,COL,,,
sam_huff_pos_24,0,TEX,,,
sandy_leon_pos_33,0,CLE,MIN,,
santiago_espinal_pos_27,0,TOR,,,
scott_alexander_pos_32,0,SFG,,,
scott_barlow_pos_29,0,KCR,,,
scott_kingery_pos_28,0,PHI,,,
sean_bouchard_pos_26,0,COL,,,
sean_murphy_pos_27,0,OAK,,,
sean_poppen_pos_28,0,ARI,,,
sebastian_rivero_pos_23,0,KCR,,,
seby_zavala_pos_28,0,CHW,,,
seiya_suzuki_pos_27,0,CHC,,,
sergio_alcantara_pos_25,0,ARI,SDP,ARI,
seth_beer_pos_25,0,ARI,,,
seth_brown_pos_29,0,OAK,,,
seth_lugo_pos_32,0,NYM,,,
shea_langeliers_pos_24,0,OAK,,,
sheldon_neuse_pos_27,0,OAK,,,
shohei_ohtani_pos_27,0,LAA,,,
simon_muzziotti_pos_23,0,PHI,,,
skye_bolt_pos_28,0,OAK,,,
spencer_steer_pos_24,0,CIN,,,
spencer_torkelson_pos_22,0,DET,,,
starling_marte_pos_33,0,NYM,,,
steele_walker_pos_25,0,TEX,,,
stephen_piscotty_pos_31,0,OAK,,,
stephen_vogt_pos_37,0,OAK,,,
steven_duggar_pos_28,0,SFG,TEX,LAA,
steven_kwan_pos_24,0,CLE,,,
steven_okert_pos_30,0,MIA,,,
steven_souza_jr_pos_33,0,SEA,,,
stone_garrett_pos_26,0,ARI,,,
stuart_fairchild_pos_26,0,SEA,SFG,CIN,
tanner_scott_pos_27,0,MIA,,,
taylor_clarke_pos_29,0,KCR,,,
taylor_jones_pos_28,0,HOU,,,
taylor_motter_pos_32,0,CIN,,,
taylor_rogers_pos_31,0,SDP,,,
taylor_trammell_pos_24,0,SEA,,,
taylor_walls_pos_25,0,TBR,,,
taylor_ward_pos_28,0,LAA,,,
teoscar_hernandez_pos_29,0,TOR,,,
terrance_gore_pos_31,0,NYM,,,
terrin_vavra_pos_25,0,BAL,,,
thairo_estrada_pos_26,0,SFG,,,
tim_anderson_pos_29,0,CHW,,,
tim_beckham_pos_32,0,MIN,,,
tim_locastro_pos_29,0,NYY,,,
tj_friedl_pos_26,0,CIN,,,
tom_murphy_pos_31,0,SEA,,,
tomas_nido_pos_28,0,NYM,,,
tommy_edman_pos_27,0,STL,,,
tommy_hunter_pos_35,0,NYM,,,
tommy_la_stella_pos_33,0,SFG,,,
tommy_pham_pos_34,0,CIN,BOS,,
tony_kemp_pos_30,0,OAK,,,
tony_wolters_pos_30,0,LAD,,,
travis_blankenhorn_pos_25,0,NYM,,,
travis_darnaud_pos_33,0,ATL,,,
travis_demeritte_pos_27,0,ATL,,,
travis_jankowski_pos_31,0,NYM,SEA,,
travis_shaw_pos_32,0,BOS,,,
travis_swaggerty_pos_24,0,PIT,,,
trayce_thompson_pos_31,0,SDP,LAD,,
trea_turner_pos_29,0,LAD,,,
trent_grisham_pos_25,0,SDP,,,
tres_barrera_pos_27,0,WSN,,,
trevor_larnach_pos_25,0,MIN,,,
trevor_story_pos_29,0,BOS,,,
trevor_williams_pos_30,0,NYM,,,
trey_mancini_pos_30,0,BAL,HOU,,
triston_casas_pos_22,0,BOS,,,
tucker_barnhart_pos_31,0,DET,,,
tucupita_marcano_pos_22,0,PIT,,,
ty_france_pos_27,0,SEA,,,
tyler_anderson_pos_32,0,LAD,,,
tyler_duffey_pos_31,0,MIN,,,
tyler_freeman_pos_23,0,CLE,,,
tyler_heineman_pos_31,0,TOR,PIT,,
tyler_naquin_pos_31,0,CIN,NYM,,
tyler_nevin_pos_25,0,BAL,,,
tyler_oneill_pos_27,0,STL,,,
tyler_stephenson_pos_25,0,CIN,,,
tyler_wade_pos_27,0,LAA,,,
tyrone_taylor_pos_28,0,MIL,,,
vaughn_grissom_pos_21,0,ATL,,,
victor_caratini_pos_28,0,MIL,,,
victor_reyes_pos_27,0,DET,,,
victor_robles_pos_25,0,WSN,,,
vidal_brujan_pos_24,0,TBR,,,
vimael_machin_pos_28,0,OAK,,,
vinnie_pasquantino_pos_24,0,KCR,,,
vinny_capra_pos_25,0,TOR,,,
vladimir_guerrero_jr_pos_23,0,TOR,,,
wander_franco_pos_21,0,TBR,,,
whit_merrifield_pos_33,0,KCR,TOR,,
wil_myers_pos_31,0,SDP,,,
will_benson_pos_24,0,CLE,,,
will_brennan_pos_24,0,CLE,,,
will_smith_pos_27,0,LAD,,,
willi_castro_pos_25,0,DET,,,
william_contreras_pos_24,0,ATL,,,
willians_astudillo_pos_30,0,MIA,,,
willie_calhoun_pos_27,0,TEX,SFG,,
willson_contreras_pos_30,0,CHC,,,
willy_adames_pos_26,0,MIL,,,
wilmer_difo_pos_30,0,ARI,,,
wilmer_flores_pos_30,0,SFG,,,
wyatt_mills_pos_27,0,SEA,,,
wynton_bernard_pos_31,0,COL,,,
xander_bogaerts_pos_29,0,BOS,,,
yadiel_hernandez_pos_34,0,WSN,,,
yadier_molina_pos_39,0,STL,,,
yainer_diaz_pos_23,0,HOU,,,
yairo_munoz_pos_27,0,PHI,,,
yan_gomes_pos_34,0,CHC,,,
yandy_diaz_pos_30,0,TBR,,,
yasmani_grandal_pos_33,0,CHW,,,
yermin_mercedes_pos_29,0,SFG,,,
yoan_moncada_pos_27,0,CHW,,,
yolmer_sanchez_pos_30,0,BOS,NYM,,
yonathan_daza_pos_28,0,COL,,,
yonny_hernandez_pos_24,0,ARI,,,
yordan_alvarez_pos_25,0,HOU,,,
yoshi_tsutsugo_pos_30,0,PIT,,,
yu_chang_pos_26,0,CLE,PIT,TBR,BOS
yuli_gurriel_pos_38,0,HOU,,,
yusniel_diaz_pos_25,0,BAL,,,
zach_mckinstry_pos_27,0,LAD,CHC,,
zach_pop_pos_25,0,MIA,,,
zach_reks_pos_28,0,TEX,,,
zack_collins_pos_27,0,TOR,PIT,,
zack_short_pos_27,0,DET,,,
aaron_ashby_pit_24,1,MIL,,,
aaron_brooks_pit_32,1,STL,,,
aaron_bummer_pit_28,1,CHW,,,
aaron_civale_pit_27,1,CLE,,,
aaron_fletcher_pit_26,1,PIT,,,
aaron_loup_pit_34,1,LAA,,,
aaron_nola_pit_29,1,PHI,,,
aaron_sanchez_pit_29,1,WSN,MIN,,
adam_cimber_pit_31,1,TOR,,,
adam_kolarek_pit_33,1,OAK,,,
adam_oller_pit_27,1,OAK,,,
adam_ottavino_pit_36,1,NYM,,,
adam_wainwright_pit_40,1,STL,,,
adbert_alzolay_pit_27,1,CHC,,,
adonis_medina_pit_25,1,NYM,,,
adrian_houser_pit_29,1,MIL,,,
adrian_martinez_pit_25,1,OAK,,,
adrian_morejon_pit_23,1,SDP,,,
adrian_sampson_pit_30,1,CHC,,,
aj_alexy_pit_24,1,TEX,,,
aj_ladwig_pit_29,1,MIA,,,
aj_minter_pit_28,1,ATL,,,
aj_puk_pit_27,1,OAK,,,
albert_abreu_pit_26,1,TEX,KCR,NYY,
albert_pujols_pit_42,1,STL,,,
alcides_escobar_pit_35,1,WSN,,,
alec_mills_pit_30,1,CHC,,,
alejo_lopez_pit_26,1,CIN,,,
alek_manoah_pit_24,1,TOR,,,
alex_claudio_pit_30,1,NYM,,,
alex_cobb_pit_34,1,SFG,,,
alex_colome_pit_33,1,COL,,,
alex_faedo_pit_26,1,DET,,,
alex_lange_pit_26,1,DET,,,
alex_vesia_pit_26,1,LAD,,,
alex_wells_pit_25,1,BAL,,,
alex_wood_pit_31,1,SFG,,,
alex_young_pit_28,1,CLE,SFG,,
alexis_diaz_pit_25,1,CIN,,,
amir_garrett_pit_30,1,KCR,,,
anderson_espinoza_pit_24,1,CHC,,,
anderson_severino_pit_27,1,CHW,,,
andre_jackson_pit_26,1,LAD,,,
andre_pallante_pit_23,1,STL,,,
andrelton_simmons_pit_32,1,CHC,,,
andres_machado_pit_29,1,WSN,,,
andres_munoz_pit_23,1,SEA,,,
andrew_bellatti_pit_30,1,PHI,,,
andrew_chafin_pit_32,1,DET,,,
andrew_heaney_pit_31,1,LAD,,,
andrew_kittredge_pit_32,1,TBR,,,
andrew_knizner_pit_27,1,STL,,,
andrew_nardi_pit_23,1,MIA,,,
andrew_vasquez_pit_28,1,TOR,SFG,,
andrew_wantz_pit_26,1,LAA,,,
aneurys_zabala_pit_25,1,MIA,,,
angel_de_jesus_pit_25,1,DET,,,
angel_rondon_pit_24,1,STL,,,
angel_zerpa_pit_22,1,KCR,,,
anibal_sanchez_pit_38,1,WSN,,,
anthony_banda_pit_28,1,PIT,TOR,NYY,
anthony_bass_pit_34,1,MIA,TOR,,
anthony_bender_pit_27,1,MIA,,,
anthony_castro_pit_27,1,CLE,,,
anthony_desclafani_pit_32,1,SFG,,,
anthony_gose_pit_31,1,CLE,,,
anthony_kay_pit_27,1,TOR,,,
anthony_misiewicz_pit_27,1,SEA,KCR,,
antonio_senzatela_pit_27,1,COL,,,
archie_bradley_pit_29,1,LAA,,,
arodys_vizcaino_pit_31,1,KCR,,,
aroldis_chapman_pit_34,1,NYY,,,
art_warren_pit_29,1,CIN,,,
ashton_goudeau_pit_29,1,COL,,,
austin_adams_pit_31,1,SDP,,,
austin_brice_pit_30,1,PIT,,,
austin_davis_pit_29,1,BOS,MIN,,
austin_gomber_pit_28,1,COL,,,
austin_pruitt_pit_32,1,OAK,,,
austin_voth_pit_30,1,WSN,BAL,,
austin_warren_pit_26,1,LAA,,,
austin_wynns_pit_31,1,SFG,,,
bailey_falter_pit_25,1,PHI,,,
bailey_ober_pit_26,1,MIN,,,
beau_brieske_pit_24,1,DET,,,
beau_sulser_pit_28,1,PIT,BAL,,
bennett_sousa_pit_27,1,CHW,,,
blake_snell_pit_29,1,SDP,,,
blake_taylor_pit_26,1,HOU,,,
blake_treinen_pit_34,1,LAD,,,
bowden_francis_pit_26,1,TOR,,,
brad_boxberger_pit_34,1,MIL,,,
brad_hand_pit_32,1,PHI,,,
brad_keller_pit_26,1,KCR,,,
brady_singer_pit_25,1,KCR,,,
brandon_bielak_pit_26,1,HOU,,,
brandon_hughes_pit_26,1,CHC,,,
brandon_woodruff_pit_29,1,MIL,,,
braxton_garrett_pit_24,1,MIA,,,
brayan_bello_pit_23,1,BOS,,,
brendon_little_pit_25,1,CHC,,,
brennan_bernardino_pit_30,1,SEA,,,
brent_suter_pit_32,1,MIL,,,
brett_martin_pit_27,1,TEX,,,
brett_phillips_pit_28,1,TBR,,,
brian_moran_pit_33,1,LAA,,,
brian_serven_pit_27,1,COL,,,
brock_burke_pit_25,1,TEX,,,
brooks_raley_pit_34,1,TBR,,,
bruce_zimmermann_pit_27,1,BAL,,,
brusdar_graterol_pit_23,1,LAD,,,
bryan_abreu_pit_25,1,HOU,,,
bryan_baker_pit_27,1,BAL,,,
bryan_garcia_pit_27,1,DET,,,
bryan_hoeing_pit_25,1,MIA,,,
bryan_shaw_pit_34,1,CLE,,,
bryce_elder_pit_23,1,ATL,,,
bryce_montes_de_oca_pit_26,1,NYM,,,
bryse_wilson_pit_24,1,PIT,,,
bubby_rossman_pit_30,1,PHI,,,
buck_farmer_pit_31,1,CIN,,,
cade_cavalli_pit_23,1,WSN,,,
cal_quantrill_pit_27,1,CLE,,,
caleb_ferguson_pit_25,1,LAD,,,
caleb_kilian_pit_25,1,CHC,,,
caleb_smith_pit_30,1,ARI,,,
caleb_thielbar_pit_35,1,MIN,,,
calvin_faucher_pit_26,1,TBR,,,
cam_alldred_pit_25,1,PIT,,,
cam_vieaux_pit_28,1,PIT,,,
camilo_doval_pit_24,1,SFG,,,
carl_edwards_jr_pit_30,1,WSN,,,
carlos_carrasco_pit_35,1,NYM,,,
carlos_estevez_pit_29,1,COL,,,
carlos_hernandez_pit_25,1,KCR,,,
carlos_rodon_pit_29,1,SFG,,,
carson_kelly_pit_27,1,ARI,,,
casey_lawrence_pit_34,1,TOR,,,
casey_mize_pit_25,1,DET,,,
cesar_valdez_pit_37,1,LAA,,,
chad_green_pit_31,1,NYY,,,
chad_kuhl_pit_29,1,COL,,,
chad_pinder_pit_30,1,OAK,,,
chad_smith_pit_27,1,COL,,,
charlie_culberson_pit_33,1,TEX,,,
charlie_morton_pit_38,1,ATL,,,
chase_anderson_pit_34,1,CIN,,,
chase_de_jong_pit_28,1,PIT,,,
chase_silseth_pit_22,1,LAA,,,
chasen_shreve_pit_31,1,NYM,,,
chi_chi_gonzalez_pit_30,1,MIN,MIL,NYY,
chris_archer_pit_33,1,MIN,,,
chris_bassitt_pit_33,1,NYM,,,
chris_devenski_pit_31,1,ARI,PHI,,
chris_ellis_pit_29,1,BAL,,,
chris_flexen_pit_27,1,SEA,,,
chris_martin_pit_36,1,CHC,LAD,,
chris_mazza_pit_32,1,TBR,,,
chris_owings_pit_30,1,BAL,,,
chris_paddack_pit_26,1,MIN,,,
chris_sale_pit_33,1,BOS,,,
chris_stratton_pit_31,1,PIT,STL,,
christian_bethancourt_pit_30,1,OAK,TBR,,
cionel_perez_pit_26,1,BAL,,,
clarke_schmidt_pit_26,1,NYY,,,
clay_holmes_pit_29,1,NYY,,,
clayton_kershaw_pit_34,1,LAD,,,
cody_morris_pit_25,1,CLE,,,
cody_poteet_pit_27,1,MIA,,,
cody_sedlock_pit_27,1,BAL,,,
cody_stashak_pit_28,1,MIN,,,
cole_irvin_pit_28,1,OAK,,,
cole_ragans_pit_24,1,TEX,,,
cole_sands_pit_24,1,MIN,,,
cole_sulser_pit_32,1,MIA,,,
cole_waites_pit_24,1,SFG,,,
colin_holderman_pit_26,1,NYM,PIT,,
colin_poche_pit_28,1,TBR,,,
collin_mchugh_pit_35,1,ATL,,,
collin_snider_pit_26,1,KCR,,,
collin_wiles_pit_28,1,OAK,,,
conner_menez_pit_27,1,CHC,,,
connor_brogdon_pit_27,1,PHI,,,
connor_overton_pit_28,1,CIN,,,
connor_sadzeck_pit_30,1,MIL,,,
connor_seabold_pit_26,1,BOS,,,
cooper_criswell_pit_25,1,TBR,,,
corbin_burnes_pit_27,1,MIL,,,
corbin_martin_pit_26,1,ARI,,,
corey_dickerson_pit_33,1,STL,,,
corey_kluber_pit_36,1,TBR,,,
corey_knebel_pit_30,1,PHI,,,
cory_abbott_pit_26,1,WSN,,,
craig_kimbrel_pit_34,1,LAD,,,
craig_stammen_pit_38,1,SDP,,,
cristian_javier_pit_25,1,HOU,,,
cristofer_ogando_pit_28,1,TBR,,,
cristopher_sanchez_pit_25,1,PHI,,,
dakota_hudson_pit_27,1,STL,,,
dallas_keuchel_pit_34,1,CHW,ARI,TEX,
damon_jones_pit_27,1,PHI,,,
dane_dunning_pit_27,1,TEX,,,
daniel_bard_pit_37,1,COL,,,
daniel_castano_pit_27,1,MIA,,,
daniel_duarte_pit_25,1,CIN,,,
daniel_hudson_pit_35,1,LAD,,,
daniel_lynch_pit_25,1,KCR,,,
daniel_mengden_pit_29,1,KCR,,,
daniel_norris_pit_29,1,CHC,DET,,
danny_coulombe_pit_32,1,MIN,,,
danny_young_pit_28,1,SEA,ATL,,
dany_jimenez_pit_28,1,OAK,,,
darick_hall_pit_26,1,PHI,,,
darin_ruf_pit_35,1,NYM,,,
darren_oday_pit_39,1,ATL,,,
darwinzon_hernandez_pit_25,1,BOS,,,
daulton_jefferies_pit_26,1,OAK,,,
dauri_moreta_pit_26,1,CIN,,,
david_bednar_pit_27,1,PIT,,,
david_mckay_pit_27,1,NYY,TBR,OAK,
david_peterson_pit_26,1,NYM,,,
david_phelps_pit_35,1,TOR,,,
david_price_pit_36,1,LAD,,,
david_robertson_pit_37,1,CHC,PHI,,
davis_martin_pit_25,1,CHW,,,
dean_kremer_pit_26,1,BAL,,,
dee_strangegordon_pit_34,1,WSN,,,
dennis_santana_pit_26,1,TEX,,,
denyi_reyes_pit_25,1,BAL,,,
dereck_rodriguez_pit_30,1,MIN,,,
derek_law_pit_31,1,DET,CIN,,
devin_smeltzer_pit_26,1,MIN,,,
devin_williams_pit_27,1,MIL,,,
diego_castillo_pit_28,1,SEA,PIT,,
dillon_peters_pit_29,1,PIT,,,
dillon_tate_pit_28,1,BAL,,,
dinelson_lamet_pit_29,1,SDP,COL,,
dl_hall_pit_23,1,BAL,,,
domingo_acevedo_pit_28,1,OAK,,,
domingo_german_pit_29,1,NYY,,,
domingo_tapia_pit_30,1,OAK,,,
dominic_leone_pit_30,1,SFG,,,
donovan_walton_pit_28,1,SFG,,,
drew_carlton_pit_26,1,DET,,,
drew_hutchison_pit_31,1,DET,,,
drew_rasmussen_pit_26,1,TBR,,,
drew_smith_pit_28,1,NYM,,,
drew_smyly_pit_33,1,CHC,,,
drew_steckenrider_pit_31,1,SEA,,,
drew_verhagen_pit_31,1,STL,,,
drey_jameson_pit_24,1,ARI,,,
duane_underwood_jr_pit_27,1,PIT,,,
dusten_knight_pit_31,1,TBR,,,
dustin_may_pit_24,1,LAD,,,
dylan_bundy_pit_29,1,MIN,,,
dylan_cease_pit_26,1,CHW,,,
dylan_coleman_pit_25,1,KCR,,,
dylan_floro_pit_31,1,MIA,,,
dylan_lee_pit_27,1,ATL,,,
easton_mcgee_pit_24,1,TBR,,,
eduard_bazardo_pit_26,1,BOS,,,
eduardo_rodriguez_pit_29,1,DET,,,
edward_cabrera_pit_24,1,MIA,,,
edwin_diaz_pit_28,1,NYM,,,
edwin_uceta_pit_24,1,ARI,,,
ehire_adrianza_pit_32,1,WSN,,,
eli_morgan_pit_26,1,CLE,,,
elieser_hernandez_pit_27,1,MIA,,,
elvin_rodriguez_pit_24,1,DET,,,
elvis_peguero_pit_25,1,LAA,,,
emilio_pagan_pit_31,1,MIN,,,
emmanuel_clase_pit_24,1,CLE,,,
enoli_paredes_pit_26,1,HOU,,,
enyel_de_los_santos_pit_26,1,CLE,,,
erasmo_ramirez_pit_32,1,WSN,,,
eric_lauer_pit_27,1,MIL,,,
eric_stout_pit_29,1,CHC,PIT,,
erich_uelmen_pit_26,1,CHC,,,
erick_fedde_pit_29,1,WSN,,,
erik_swanson_pit_28,1,SEA,,,
ernie_clement_pit_26,1,CLE,,,
ethan_roberts_pit_24,1,CHC,,,
ethan_small_pit_25,1,MIL,,,
evan_lee_pit_25,1,WSN,,,
evan_phillips_pit_27,1,LAD,,,
felix_bautista_pit_27,1,BAL,,,
fernando_cruz_pit_32,1,CIN,,,
foster_griffin_pit_26,1,KCR,TOR,,
framber_valdez_pit_28,1,HOU,,,
francisco_morales_pit_22,1,PHI,,,
francisco_perez_pit_24,1,WSN,,,
frank_german_pit_24,1,BOS,,,
frank_schwindel_pit_30,1,CHC,,,
frankie_montas_pit_29,1,OAK,NYY,,
franmil_reyes_pit_26,1,CHC,,,
freddy_peralta_pit_26,1,MIL,,,
freddy_tarnok_pit_23,1,ATL,,,
gabe_speier_pit_27,1,KCR,,,
garrett_cleavinger_pit_28,1,LAD,TBR,,
garrett_hill_pit_26,1,DET,,,
garrett_richards_pit_34,1,TEX,,,
garrett_stubbs_pit_29,1,PHI,,,
garrett_whitlock_pit_26,1,BOS,,,
gavin_hollowell_pit_24,1,COL,,,
genesis_cabrera_pit_25,1,STL,,,
george_kirby_pit_24,1,SEA,,,
gerardo_reyes_pit_29,1,LAA,,,
german_marquez_pit_27,1,COL,,,
gerrit_cole_pit_31,1,NYY,,,
giovanny_gallegos_pit_30,1,STL,,,
glenn_otto_pit_26,1,TEX,,,
graham_ashcraft_pit_24,1,CIN,,,
greg_holland_pit_36,1,TEX,,,
greg_weissert_pit_27,1,NYY,,,
gregory_santos_pit_22,1,SFG,,,
gregory_soto_pit_27,1,DET,,,
griffin_jax_pit_27,1,MIN,,,
hansel_robles_pit_31,1,BOS,,,
hanser_alberto_pit_29,1,LAD,,,
harold_castro_pit_28,1,DET,,,
hayden_wesneski_pit_24,1,CHC,,,
heath_hembree_pit_33,1,PIT,LAD,,
hector_neris_pit_33,1,HOU,,,
hirokazu_sawamura_pit_34,1,BOS,,,
hoby_milner_pit_31,1,MIL,,,
huascar_brazoban_pit_32,1,MIA,,,
huascar_ynoa_pit_24,1,ATL,,,
humberto_castellanos_pit_24,1,ARI,,,
hunter_brown_pit_23,1,HOU,,,
hunter_dozier_pit_30,1,KCR,,,
hunter_gaddis_pit_24,1,CLE,,,
hunter_greene_pit_22,1,CIN,,,
hunter_harvey_pit_27,1,WSN,,,
hunter_strickland_pit_33,1,CIN,,,
hyun_jin_ryu_pit_35,1,TOR,,,
ian_anderson_pit_24,1,ATL,,,
ian_gibaut_pit_28,1,CLE,CIN,,
ian_hamilton_pit_27,1,MIN,,,
ian_kennedy_pit_37,1,ARI,,,
ildemaro_vargas_pit_30,1,WSN,,,
jace_peterson_pit_32,1,MIL,,,
jack_flaherty_pit_26,1,STL,,,
jack_mayfield_pit_31,1,LAA,,,
jackie_bradley_jr_pit_32,1,BOS,,,
jackson_kowar_pit_25,1,KCR,,,
jackson_stephens_pit_28,1,ATL,,,
jackson_tetreault_pit_26,1,WSN,,,
jacob_barnes_pit_32,1,DET,NYY,,
jacob_degrom_pit_34,1,NYM,,,
jacob_lemoine_pit_28,1,OAK,,,
jaime_barria_pit_25,1,LAA,,,
jake_bird_pit_26,1,COL,,,
jake_brentz_pit_27,1,KCR,,,
jake_cousins_pit_27,1,MIL,,,
jake_diekman_pit_35,1,BOS,CHW,,
jake_fishman_pit_27,1,MIA,,,
jake_hager_pit_29,1,ARI,,,
jake_mcgee_pit_35,1,SFG,MIL,WSN,
jake_odorizzi_pit_32,1,HOU,ATL,,
jake_reed_pit_29,1,NYM,LAD,BAL,
jake_walsh_pit_26,1,STL,,,
jake_woodford_pit_25,1,STL,,,
jakob_junis_pit_29,1,SFG,,,
jalen_beeks_pit_28,1,TBR,,,
james_kaprielian_pit_28,1,OAK,,,
james_karinchak_pit_26,1,CLE,,,
james_naile_pit_29,1,STL,,,
james_norwood_pit_28,1,PHI,,,
jameson_taillon_pit_30,1,NYY,,,
jandel_gustave_pit_29,1,MIL,,,
janson_junk_pit_26,1,LAA,,,
jared_koenig_pit_28,1,OAK,,,
jared_solomon_pit_25,1,CIN,,,
jarlin_garcia_pit_29,1,SFG,,,
jason_adam_pit_30,1,TBR,,,
jason_alexander_pit_29,1,MIL,,,
jason_foley_pit_26,1,DET,,,
javier_assad_pit_24,1,CHC,,,
javy_guerra_pit_26,1,SDP,TBR,,
jay_jackson_pit_34,1,ATL,,,
jb_wendelken_pit_29,1,ARI,,,
jc_mejia_pit_25,1,MIL,,,
jeff_brigham_pit_30,1,MIA,,,
jeff_hoffman_pit_29,1,CIN,,,
jeffrey_springs_pit_29,1,TBR,,,
jerad_eickhoff_pit_31,1,PIT,,,
jeremiah_estrada_pit_23,1,CHC,,,
jeremy_beasley_pit_26,1,TOR,,,
jermaine_palacios_pit_25,1,MIN,,,
jesse_chavez_pit_38,1,CHC,LAA,ATL,
jesus_cruz_pit_27,1,ATL,,,
jesus_luzardo_pit_24,1,MIA,,,
jesus_tinoco_pit_27,1,TEX,,,
jeurys_familia_pit_32,1,PHI,BOS,,
jharel_cotton_pit_30,1,MIN,SFG,,
jhoan_duran_pit_24,1,MIN,,,
jhon_romero_pit_27,1,MIN,,,
jhonathan_diaz_pit_25,1,LAA,,,
jhoulys_chacin_pit_34,1,COL,,,
jimmy_herget_pit_28,1,LAA,,,
jimmy_lambert_pit_27,1,CHW,,,
jimmy_yacabonis_pit_30,1,MIA,TBR,,
joan_adon_pit_23,1,WSN,,,
joe_barlow_pit_26,1,TEX,,,
joe_jimenez_pit_27,1,DET,,,
joe_kelly_pit_34,1,CHW,,,
joe_mantiply_pit_31,1,ARI,,,
joe_musgrove_pit_29,1,SDP,,,
joe_ryan_pit_26,1,MIN,,,
joe_smith_pit_38,1,MIN,,,
joel_kuhnel_pit_27,1,CIN,,,
joel_payamps_pit_28,1,KCR,OAK,,
joely_rodriguez_pit_30,1,NYM,,,
joey_krehbiel_pit_29,1,BAL,,,
joey_wentz_pit_24,1,DET,,,
johan_oviedo_pit_24,1,STL,PIT,,
john_brebbia_pit_32,1,SFG,,,
john_king_pit_27,1,TEX,,,
john_means_pit_29,1,BAL,,,
john_schreiber_pit_28,1,BOS,,,
johnny_cueto_pit_36,1,CHW,,,
jojo_romero_pit_25,1,PHI,STL,,
jon_gray_pit_30,1,TEX,,,
jonathan_heasley_pit_25,1,KCR,,,
jonathan_hernandez_pit_25,1,TEX,,,
jonathan_loaisiga_pit_27,1,NYY,,,
jordan_hicks_pit_25,1,STL,,,
jordan_holloway_pit_26,1,MIA,,,
jordan_lyles_pit_31,1,BAL,,,
jordan_montgomery_pit_29,1,NYY,STL,,
jordan_romano_pit_29,1,TOR,,,
jordan_sheffield_pit_27,1,COL,,,
jordan_weems_pit_29,1,WSN,,,
jorge_alcala_pit_26,1,MIN,,,
jorge_lopez_pit_29,1,BAL,MIN,,
jose_alvarado_pit_27,1,PHI,,,
jose_alvarez_pit_33,1,SFG,,,
jose_berrios_pit_28,1,TOR,,,
jose_butto_pit_24,1,NYM,,,
jose_castillo_pit_26,1,SDP,,,
jose_cisnero_pit_33,1,DET,,,
jose_cuas_pit_28,1,KCR,,,
jose_leclerc_pit_28,1,TEX,,,
jose_marte_pit_26,1,LAA,,,
jose_quijada_pit_26,1,LAA,,,
jose_quintana_pit_33,1,PIT,STL,,
jose_ruiz_pit_27,1,CHW,,,
jose_suarez_pit_24,1,LAA,,,
jose_urena_pit_30,1,MIL,COL,,
jose_urquidy_pit_27,1,HOU,,,
josh_fleming_pit_26,1,TBR,,,
josh_hader_pit_28,1,MIL,SDP,,
josh_harrison_pit_34,1,CHW,,,
josh_rogers_pit_27,1,WSN,,,
josh_sborz_pit_28,1,TEX,,,
josh_staumont_pit_28,1,KCR,,,
josh_vanmeter_pit_27,1,PIT,,,
josh_winckowski_pit_24,1,BOS,,,
josh_winder_pit_25,1,MIN,,,
josiah_gray_pit_24,1,WSN,,,
jovani_moran_pit_25,1,MIN,,,
jp_feyereisen_pit_29,1,TBR,,,
jp_sears_pit_26,1,NYY,OAK,,
jt_brubaker_pit_28,1,PIT,,,
jt_chargois_pit_31,1,TBR,,,
juan_minaya_pit_31,1,MIN,,,
julian_merryweather_pit_30,1,TOR,,,
julio_urias_pit_25,1,LAD,,,
junior_fernandez_pit_25,1,STL,PIT,,
justin_bruihl_pit_25,1,LAD,,,
justin_dunn_pit_26,1,CIN,,,
justin_grimm_pit_33,1,OAK,,,
justin_lawrence_pit_27,1,COL,,,
justin_steele_pit_26,1,CHC,,,
justin_topa_pit_31,1,MIL,,,
justin_verlander_pit_39,1,HOU,,,
justin_wilson_pit_34,1,CIN,,,
justus_sheffield_pit_26,1,SEA,,,
kaleb_ort_pit_30,1,BOS,,,
keegan_akin_pit_27,1,BAL,,,
keegan_thompson_pit_27,1,CHC,,,
ken_giles_pit_31,1,SEA,,,
ken_waldichuk_pit_24,1,OAK,,,
kendall_graveman_pit_31,1,CHW,,,
kenley_jansen_pit_34,1,ATL,,,
kenny_rosenberg_pit_26,1,LAA,,,
kervin_castro_pit_23,1,SFG,CHC,,
kevin_gausman_pit_31,1,TOR,,,
kevin_ginkel_pit_28,1,ARI,,,
kevin_herget_pit_31,1,TBR,,,
kevin_plawecki_pit_31,1,BOS,,,
keynan_middleton_pit_28,1,ARI,,,
kirby_snead_pit_27,1,OAK,,,
kirby_yates_pit_35,1,ATL,,,
kirk_mccarty_pit_26,1,CLE,,,
kodi_whitley_pit_27,1,STL,,,
kody_clemens_pit_26,1,DET,,,
kohei_arihara_pit_29,1,TEX,,,
kolby_allard_pit_24,1,TEX,,,
konnor_pilkington_pit_24,1,CLE,,,
kris_bubic_pit_24,1,KCR,,,
kutter_crawford_pit_26,1,BOS,,,
kyle_barraclough_pit_32,1,LAA,,,
kyle_bradish_pit_25,1,BAL,,,
kyle_crick_pit_29,1,CHW,,,
kyle_dowdy_pit_29,1,CIN,,,
kyle_finnegan_pit_30,1,WSN,,,
kyle_freeland_pit_29,1,COL,,,
kyle_gibson_pit_34,1,PHI,,,
kyle_hendricks_pit_32,1,CHC,,,
kyle_muller_pit_24,1,ATL,,,
kyle_nelson_pit_25,1,ARI,,,
kyle_tyler_pit_25,1,SDP,,,
kyle_wright_pit_26,1,ATL,,,
lance_lynn_pit_35,1,CHW,,,
lance_mccullers_jr_pit_28,1,HOU,,,
liam_hendriks_pit_33,1,CHW,,,
locke_st_john_pit_29,1,CHC,,,
logan_allen_pit_25,1,CLE,BAL,,
logan_gilbert_pit_25,1,SEA,,,
logan_gillaspie_pit_25,1,BAL,,,
logan_webb_pit_25,1,SFG,,,
lou_trivino_pit_30,1,OAK,NYY,,
louie_varland_pit_24,1,MIN,,,
louis_head_pit_32,1,MIA,BAL,,
lucas_gilbreath_pit_26,1,COL,,,
lucas_giolito_pit_27,1,CHW,,,
lucas_luetge_pit_35,1,NYY,,,
lucas_sims_pit_28,1,CIN,,,
luis_castillo_pit_29,1,CIN,SEA,DET,
luis_cessa_pit_30,1,CIN,,,
luis_frias_pit_24,1,ARI,,,
luis_garcia_pit_35,1,SDP,HOU,,
luis_gil_pit_24,1,NYY,,,
luis_gonzalez_pit_26,1,SFG,,,
luis_ortiz_pit_26,1,SFG,PIT,,
luis_patino_pit_22,1,TBR,,,
luis_perdomo_pit_29,1,MIL,,,
luis_severino_pit_28,1,NYY,,,
luis_torrens_pit_26,1,SEA,,,
luke_bard_pit_31,1,TBR,NYY,,
luke_barker_pit_30,1,MIL,,,
luke_farrell_pit_31,1,CHC,CIN,,
luke_weaver_pit_28,1,ARI,KCR,,
mackenzie_gore_pit_23,1,SDP,,,
madison_bumgarner_pit_32,1,ARI,,,
manny_banuelos_pit_31,1,NYY,PIT,,
manuel_rodriguez_pit_25,1,CHC,,,
marco_gonzales_pit_30,1,SEA,,,
marcos_diplan_pit_25,1,BAL,,,
marcus_stroman_pit_31,1,CHC,,,
mark_appel_pit_30,1,PHI,,,
mark_leiter_jr_pit_31,1,CHC,,,
mark_melancon_pit_37,1,ARI,,,
martin_perez_pit_31,1,TEX,,,
marwin_gonzalez_pit_33,1,NYY,,,
mason_thompson_pit_24,1,WSN,,,
matt_barnes_pit_32,1,BOS,,,
matt_brash_pit_24,1,SEA,,,
matt_bush_pit_36,1,TEX,MIL,,
matt_dermody_pit_31,1,CHC,,,
matt_festa_pit_29,1,SEA,,,
matt_foster_pit_27,1,CHW,,,
matt_gage_pit_29,1,TOR,,,
matt_koch_pit_31,1,SEA,,,
matt_manning_pit_24,1,DET,,,
matt_moore_pit_33,1,TEX,,,
matt_peacock_pit_28,1,ARI,KCR,,
matt_reynolds_pit_31,1,CIN,,,
matt_strahm_pit_30,1,BOS,,,
matt_swarmer_pit_28,1,CHC,,,
matt_wisler_pit_29,1,TBR,,,
matthew_batten_pit_27,1,SDP,,,
matthew_boyd_pit_31,1,SEA,,,
matthew_liberatore_pit_22,1,STL,,,
mauricio_llovera_pit_26,1,SFG,,,
max_castillo_pit_23,1,TOR,KCR,,
max_fried_pit_28,1,ATL,,,
max_kranick_pit_24,1,PIT,,,
max_meyer_pit_23,1,MIA,,,
max_scherzer_pit_37,1,NYM,,,
max_schrock_pit_27,1,CIN,,,
merrill_kelly_pit_33,1,ARI,,,
michael_a_taylor_pit_31,1,KCR,,,
michael_feliz_pit_29,1,BOS,,,
michael_fulmer_pit_29,1,DET,MIN,,
michael_grove_pit_25,1,LAD,,,
michael_kelly_pit_29,1,PHI,,,
michael_king_pit_27,1,NYY,,,
michael_kopech_pit_26,1,CHW,,,
michael_lorenzen_pit_30,1,LAA,,,
michael_pineda_pit_33,1,DET,,,
michael_plassmeyer_pit_25,1,PHI,,,
michael_rucker_pit_28,1,CHC,,,
michael_wacha_pit_30,1,BOS,,,
michel_baez_pit_26,1,SDP,,,
miguel_castro_pit_27,1,NYY,,,
miguel_diaz_pit_27,1,DET,,,
miguel_sanchez_pit_28,1,MIL,,,
miguel_yajure_pit_24,1,PIT,,,
mike_baumann_pit_26,1,BAL,,,
mike_brosseau_pit_28,1,MIL,,,
mike_clevinger_pit_31,1,SDP,,,
mike_ford_pit_29,1,ATL,,,
mike_mayers_pit_30,1,LAA,,,
mike_minor_pit_34,1,CIN,,,
miles_mikolas_pit_33,1,STL,,,
mitch_keller_pit_26,1,PIT,,,
mitch_white_pit_27,1,LAD,TOR,,
mychal_givens_pit_32,1,CHC,NYM,,
nabil_crismatt_pit_27,1,SDP,,,
nash_walters_pit_25,1,LAA,,,
nate_fisher_pit_26,1,NYM,,,
nathan_eovaldi_pit_32,1,BOS,,,
nestor_cortes_pit_27,1,NYY,,,
nicholas_padilla_pit_25,1,CHC,,,
nick_duron_pit_26,1,PHI,,,
nick_gordon_pit_26,1,MIN,,,
nick_lodolo_pit_24,1,CIN,,,
nick_martinez_pit_31,1,SDP,,,
nick_maton_pit_25,1,PHI,,,
nick_mears_pit_25,1,PIT,,,
nick_neidert_pit_25,1,MIA,,,
nick_nelson_pit_26,1,PHI,,,
nick_pivetta_pit_29,1,BOS,,,
nick_sandlin_pit_25,1,CLE,,,
nick_vespi_pit_26,1,BAL,,,
nick_wittgren_pit_31,1,STL,,,
nicklaus_snyder_pit_26,1,TEX,,,
nicky_lopez_pit_27,1,KCR,,,
noah_davis_pit_25,1,COL,,,
noah_syndergaard_pit_29,1,LAA,PHI,,
noe_ramirez_pit_32,1,ARI,,,
norge_ruiz_pit_28,1,OAK,,,
oliver_ortega_pit_25,1,LAA,,,
oliver_perez_pit_40,1,ARI,,,
orlando_arcia_pit_27,1,ATL,,,
pablo_lopez_pit_26,1,MIA,,,
pablo_reyes_pit_28,1,MIL,,,
packy_naughton_pit_26,1,STL,,,
paolo_espino_pit_35,1,WSN,,,
parker_markel_pit_31,1,OAK,,,
parker_mushinski_pit_26,1,HOU,,,
patrick_corbin_pit_32,1,WSN,,,
patrick_murphy_pit_27,1,WSN,,,
patrick_sandoval_pit_25,1,LAA,,,
paul_blackburn_pit_28,1,OAK,,,
paul_fry_pit_29,1,BAL,ARI,,
paul_sewald_pit_32,1,SEA,,,
pedro_avila_pit_25,1,SDP,,,
pedro_baez_pit_34,1,HOU,,,
penn_murfee_pit_28,1,SEA,,,
pete_fairbanks_pit_28,1,TBR,,,
peter_strzelecki_pit_27,1,MIL,,,
phil_bickford_pit_26,1,LAD,,,
phil_gosselin_pit_33,1,LAA,,,
phil_maton_pit_29,1,HOU,,,
phillip_diehl_pit_27,1,CIN,,,
phillips_valdez_pit_30,1,BOS,,,
phoenix_sanders_pit_27,1,TBR,,,
pierce_johnson_pit_31,1,SDP,,,
rafael_montero_pit_31,1,HOU,,,
raisel_iglesias_pit_32,1,LAA,ATL,,
ralph_garza_pit_28,1,TBR,,,
randal_grichuk_pit_30,1,COL,,,
ranger_suarez_pit_26,1,PHI,,,
ray_kerr_pit_27,1,SDP,,,
raynel_espinal_pit_30,1,CIN,,,
reed_garrett_pit_29,1,WSN,,,
reese_mcguire_pit_27,1,BOS,,,
reid_detmers_pit_22,1,LAA,,,
reiss_knehr_pit_25,1,SDP,,,
reiver_sanmartin_pit_26,1,CIN,,,
reyes_moronta_pit_29,1,LAD,ARI,,
reynaldo_lopez_pit_28,1,CHW,,,
rich_hill_pit_42,1,BOS,,,
richard_bleier_pit_35,1,MIA,,,
rico_garcia_pit_28,1,BAL,,,
riley_obrien_pit_27,1,SEA,,,
rj_alvarez_pit_31,1,NYM,,,
roansy_contreras_pit_22,1,PIT,,,
rob_zastryzny_pit_30,1,NYM,LAA,,
robbie_erlin_pit_31,1,LAD,,,
robbie_ray_pit_30,1,SEA,,,
robert_dugger_pit_26,1,TBR,CIN,,
robert_gsellman_pit_28,1,CHC,,,
robert_stephenson_pit_29,1,COL,PIT,,
robert_suarez_pit_31,1,SDP,,,
roenis_elias_pit_33,1,SEA,,,
ron_marinaccio_pit_26,1,NYY,,,
ronald_bolanos_pit_25,1,KCR,,,
ronel_blanco_pit_28,1,HOU,,,
ronny_henriquez_pit_22,1,MIN,,,
rony_garcia_pit_24,1,DET,,,
ross_detwiler_pit_36,1,CIN,,,
ross_stripling_pit_32,1,TOR,,,
rowan_wick_pit_29,1,CHC,,,
ryan_borucki_pit_28,1,TOR,SEA,,
ryan_brasier_pit_34,1,BOS,,,
ryan_burr_pit_28,1,CHW,,,
ryan_castellani_pit_26,1,OAK,,,
ryan_feltner_pit_25,1,COL,,,
ryan_helsley_pit_27,1,STL,,,
ryan_hendrix_pit_27,1,CIN,,,
ryan_mckenna_pit_25,1,BAL,,,
ryan_pepiot_pit_24,1,LAD,,,
ryan_pressly_pit_33,1,HOU,,,
ryan_tepera_pit_34,1,LAA,,,
ryan_thompson_pit_30,1,TBR,,,
ryan_weathers_pit_22,1,SDP,,,
ryan_weber_pit_31,1,NYY,,,
ryan_yarbrough_pit_30,1,TBR,,,
ryne_nelson_pit_24,1,ARI,,,
ryne_stanek_pit_30,1,HOU,,,
sam_clay_pit_29,1,WSN,NYM,,
sam_coonrod_pit_29,1,PHI,,,
sam_hentges_pit_25,1,CLE,,,
sam_howard_pit_29,1,PIT,,,
sam_long_pit_26,1,SFG,,,
sam_moll_pit_30,1,OAK,,,
sam_selman_pit_31,1,OAK,,,
sandy_alcantara_pit_26,1,MIA,,,
sandy_leon_pit_33,1,CLE,,,
scott_alexander_pit_32,1,SFG,,,
scott_barlow_pit_29,1,KCR,,,
scott_effross_pit_28,1,CHC,NYY,,
sean_doolittle_pit_35,1,WSN,,,
sean_hjelle_pit_25,1,SFG,,,
sean_manaea_pit_30,1,SDP,,,
sean_newcomb_pit_29,1,ATL,CHC,,
sean_poppen_pit_28,1,ARI,,,
sean_reidfoley_pit_26,1,NYM,,,
seranthony_dominguez_pit_27,1,PHI,,,
sergio_romo_pit_39,1,SEA,TOR,,
seth_lugo_pit_32,1,NYM,,,
seth_martinez_pit_27,1,HOU,,,
shane_baz_pit_23,1,TBR,,,
shane_bieber_pit_27,1,CLE,,,
shane_greene_pit_33,1,LAD,NYY,,
shane_mcclanahan_pit_25,1,TBR,,,
shaun_anderson_pit_27,1,TOR,,,
shawn_armstrong_pit_31,1,MIA,TBR,,
shelby_miller_pit_31,1,SFG,,,
sheldon_neuse_pit_27,1,OAK,,,
shohei_ohtani_pit_27,1,LAA,,,
silvino_bracho_pit_29,1,ATL,,,
simeon_woods_richardson_pit_21,1,MIN,,,
sonny_gray_pit_32,1,MIN,,,
spencer_howard_pit_25,1,TEX,,,
spencer_patton_pit_34,1,TEX,,,
spencer_strider_pit_23,1,ATL,,,
spenser_watkins_pit_29,1,BAL,,,
stephen_nogosek_pit_27,1,NYM,,,
stephen_strasburg_pit_33,1,WSN,,,
steve_cishek_pit_36,1,WSN,,,
steven_brault_pit_30,1,CHC,,,
steven_matz_pit_31,1,STL,,,
steven_okert_pit_30,1,MIA,,,
steven_wilson_pit_27,1,SDP,,,
taijuan_walker_pit_29,1,NYM,,,
tanner_banks_pit_30,1,CHW,,,
tanner_houck_pit_26,1,BOS,,,
tanner_rainey_pit_29,1,WSN,,,
tanner_scott_pit_27,1,MIA,,,
tanner_tully_pit_27,1,CLE,,,
tarik_skubal_pit_25,1,DET,,,
tayler_saucedo_pit_29,1,TOR,,,
tayler_scott_pit_30,1,SDP,,,
taylor_clarke_pit_29,1,KCR,,,
taylor_hearn_pit_27,1,TEX,,,
taylor_rogers_pit_31,1,SDP,MIL,,
taylor_widener_pit_27,1,ARI,,,
thomas_hatch_pit_27,1,TOR,,,
thomas_szapucki_pit_26,1,NYM,SFG,,
tim_hill_pit_32,1,SDP,,,
tim_mayza_pit_30,1,TOR,,,
tj_mcfarland_pit_33,1,STL,,,
tj_zeuch_pit_26,1,CIN,,,
tommy_henry_pit_24,1,ARI,,,
tommy_hunter_pit_35,1,NYM,,,
tommy_kahnle_pit_32,1,LAD,,,
tommy_milone_pit_35,1,SEA,,,
tommy_nance_pit_31,1,MIA,,,
tommy_romero_pit_24,1,TBR,WSN,,
tony_gonsolin_pit_28,1,LAD,,,
tony_santillan_pit_25,1,CIN,,,
touki_toussaint_pit_26,1,LAA,,,
travis_lakins_sr_pit_28,1,BAL,,,
trent_thornton_pit_28,1,TOR,,,
trevor_gott_pit_29,1,MIL,,,
trevor_kelley_pit_29,1,MIL,,,
trevor_may_pit_32,1,NYM,,,
trevor_megill_pit_28,1,MIN,,,
trevor_richards_pit_29,1,TOR,,,
trevor_rogers_pit_24,1,MIA,,,
trevor_stephan_pit_26,1,CLE,,,
trevor_williams_pit_30,1,NYM,,,
triston_mckenzie_pit_24,1,CLE,,,
tucker_barnhart_pit_31,1,DET,,,
tucker_davidson_pit_26,1,ATL,LAA,,
ty_blach_pit_31,1,COL,,,
tyler_alexander_pit_27,1,DET,,,
tyler_anderson_pit_32,1,LAD,,,
tyler_beede_pit_29,1,SFG,PIT,,
tyler_clippard_pit_37,1,WSN,,,
tyler_cyr_pit_29,1,PHI,OAK,,
tyler_danish_pit_27,1,BOS,,,
tyler_duffey_pit_31,1,MIN,,,
tyler_gilbert_pit_28,1,ARI,,,
tyler_glasnow_pit_28,1,TBR,,,
tyler_holton_pit_26,1,ARI,,,
tyler_kinley_pit_31,1,COL,,,
tyler_mahle_pit_27,1,CIN,MIN,,
tyler_matzek_pit_31,1,ATL,,,
tyler_rogers_pit_31,1,SFG,,,
tyler_thornburg_pit_33,1,ATL,MIN,,
tyler_wells_pit_27,1,BAL,,,
tylor_megill_pit_26,1,NYM,,,
tyson_miller_pit_26,1,TEX,,,
victor_arano_pit_27,1,WSN,,,
victor_caratini_pit_28,1,MIL,,,
vince_velasquez_pit_30,1,CHW,,,
vinny_nittoli_pit_31,1,PHI,,,
vladimir_gutierrez_pit_26,1,CIN,,,
wade_miley_pit_35,1,CHC,,,
walker_buehler_pit_27,1,LAD,,,
wandy_peralta_pit_30,1,NYY,,,
whit_merrifield_pit_33,1,TOR,,,
wil_crowe_pit_27,1,PIT,,,
wil_myers_pit_31,1,SDP,,,
will_smith_pit_32,1,ATL,HOU,,
will_vest_pit_27,1,DET,,,
william_woods_pit_23,1,ATL,,,
willians_astudillo_pit_30,1,MIA,,,
wily_peralta_pit_33,1,DET,,,
wyatt_mills_pit_27,1,SEA,KCR,,
xzavion_curry_pit_23,1,CLE,,,
yadier_molina_pit_39,1,STL,,,
yency_almonte_pit_28,1,LAD,,,
yennier_cano_pit_28,1,MIN,BAL,,
yerry_de_los_santos_pit_24,1,PIT,,,
yerry_rodriguez_pit_24,1,TEX,,,
yimi_garcia_pit_31,1,TOR,,,
yoan_lopez_pit_29,1,NYM,,,
yohan_ramirez_pit_27,1,SEA,CLE,PIT,
yolmer_sanchez_pit_30,1,BOS,,,
yonny_chirinos_pit_28,1,TBR,,,
yu_chang_pit_26,1,TBR,,,
yu_darvish_pit_35,1,SDP,,,
yunior_marte_pit_27,1,SFG,,,
yusei_kikuchi_pit_31,1,TOR,,,
zac_gallen_pit_26,1,ARI,,,
zac_lowther_pit_26,1,BAL,,,
zach_davies_pit_29,1,ARI,,,
zach_eflin_pit_28,1,PHI,,,
zach_jackson_pit_27,1,OAK,,,
zach_logue_pit_26,1,OAK,,,
zach_plesac_pit_27,1,CLE,,,
zach_pop_pit_25,1,MIA,TOR,,
zach_thompson_pit_28,1,PIT,,,
zack_britton_pit_34,1,NYY,,,
zack_greinke_pit_38,1,KCR,,,
zack_kelly_pit_27,1,BOS,,,
zack_littell_pit_26,1,SFG,,,
zack_thompson_pit_24,1,STL,,,
zack_weiss_pit_30,1,LAA,,,
zack_wheeler_pit_32,1,PHI,,,
